{"q_st_start": 0.31118470430374146, "q_st_end": 0.31118470430374146, "q_ae_start": 0.040432024747133255, "q_ae_end": 0.1325356513261795}