{"q_st_start": 0.26587975025177, "q_st_end": 0.26587975025177, "q_ae_start": 0.04179970920085907, "q_ae_end": 0.1249837875366211}