{"q_st_start": 0.3857862055301666, "q_st_end": 0.6554059386253357, "q_ae_start": 0.03366653621196747, "q_ae_end": 0.14470034837722778}