{"q_st_start": 0.3089316785335541, "q_st_end": 0.3089316785335541, "q_ae_start": 0.03879522532224655, "q_ae_end": 0.12209907174110413}